run_id,checkpoint,success,termination_reason,start_x,start_y,start_z,goal_x,goal_y,goal_z,initial_distance_cm,final_distance_cm,steps,time_sec,trajectory_length_cm,mean_action_change,max_action_change,control_freq_hz,action_scale,max_step_m,goal_threshold_cm,dry_run
20260910_132003,checkpoints/panda_reach_ppo_40000_steps,False,user_interrupt,0.3071690957127764,-0.0001500389157199591,0.4871315882517634,0.4071690957127764,0.09984996108428004,0.3871315882517634,17.32050807568877,6.984581681325689,526,26.30835727509111,11.267124018521365,7.882174395490438e-05,0.002238666405901313,20,0.05,0.03,5.0,False
20260910_132340,checkpoints/panda_reach_ppo_40000_steps,True,goal_reached,0.30704364300120723,0.0003875593712175518,0.48654752750728003,0.4070436430012072,0.10038755937121756,0.38654752750728005,17.32050807568877,4.320872746402935,9,0.40274807903915644,13.90070911726384,0.007295853458344936,0.01377752237021923,20,0.05,0.03,5.0,False
20260910_132616,checkpoints/panda_reach_ppo_40000_steps,True,goal_reached,0.3071360644530803,0.0004206476311341828,0.48675952045460186,0.40713606445308026,0.10042064763113419,0.3867595204546018,17.320508075688775,4.319839862375902,9,0.4029861609451473,13.89462089118708,0.007287294138222933,0.013776510022580624,20,0.05,0.03,5.0,False
20260910_132840,checkpoints/panda_reach_ppo_40000_steps,False,user_interrupt,0.3071436111877181,0.0003978233161834292,0.4867695222288792,0.40714361118771814,0.10039782331618344,0.38676952222887917,17.320508075688775,4.269440178474922,183,9.153170208912343,17.23459757997417,0.00042780113290064037,0.013765138573944569,20,0.05,0.03,2.0,False
20260910_133546,checkpoints/panda_reach_ppo_40000_steps,False,user_interrupt,0.3070864825781204,0.00044506995501159257,0.4864572364251765,0.4070864825781204,0.1004450699550116,0.3864572364251765,17.320508075688775,4.2777108428699435,265,13.253716310951859,17.340702589621962,0.0002975126262754202,0.013793222606182098,20,0.05,0.03,2.0,False
20260910_134758,checkpoints/panda_reach_ppo_40000_steps,False,user_interrupt,0.3070986619469961,0.0004687952835227938,0.48644499105311056,0.40709866194699607,0.1004687952835228,0.3864449910531106,17.32050807568877,4.8650118890722585,127,6.352190338075161,13.703247940231611,0.00017235164705198258,0.0034248782321810722,20,0.03,0.02,2.0,False
20260910_151848_ep01,1,checkpoints/panda_reach_ppo_40000_steps,True,goal_reached,0.05,0.0,0.0,0.3066670576348255,0.00038564357217331374,0.48636561970972575,0.3566670576348255,0.00038564357217331374,0.48636561970972575,4.999999999999999,4.999999999999999,1,0.004737321999982669,0.0,nan,nan,20,0.05,0.03,5.0,False
20260910_151850_ep02,2,checkpoints/panda_reach_ppo_40000_steps,False,user_interrupt,0.08,0.0,0.0,0.306681973678522,0.00035199570896785065,0.48636016460830755,0.38668197367852203,0.00035199570896785065,0.48636016460830755,8.000000000000002,6.325800219715144,429,21.456634858000143,1.9310157760751678,1.6900186802869442e-05,0.00029262665241691394,20,0.05,0.03,5.0,False
20260910_151924_ep01,1,checkpoints/panda_reach_ppo_40000_steps,True,goal_reached,0.05,0.0,0.0,0.30735582166224584,0.0005536235771788978,0.4864513977909123,0.35735582166224583,0.0005536235771788978,0.4864513977909123,4.999999999999999,4.999999999999999,1,0.006429906999983359,0.0,nan,nan,20,0.05,0.03,5.0,False
20260910_151932_ep02,2,checkpoints/panda_reach_ppo_40000_steps,False,user_interrupt,0.08,0.0,0.0,0.30714600222246524,0.0004431710207339779,0.4864314871303095,0.38714600222246526,0.0004431710207339779,0.4864314871303095,8.000000000000002,6.353671785752733,118,5.901864756999657,1.8601065293153511,5.870236240614263e-05,0.000318758706850995,20,0.05,0.03,5.0,False
20260910_152524_ep01,1,checkpoints/panda_reach_ppo_40000_steps,True,goal_reached,0.05,0.0,0.0,0.3073804498787689,0.0005408956704362264,0.48634904631116993,0.3573804498787689,0.0005408956704362264,0.48634904631116993,4.999999999999999,4.999999999999999,1,0.006161980999877414,0.0,nan,nan,20,0.05,0.03,5.0,900.0,30.0,False
20260910_152526_ep02,2,checkpoints/panda_reach_ppo_40000_steps,True,goal_reached,0.08,0.0,0.0,0.3071872779605728,0.0004827478897810914,0.4864237294706685,0.38718727796057284,0.0004827478897810914,0.4864237294706685,8.000000000000002,4.796275027941688,8,0.35478248999970674,4.731979039158986,0.0028027523108417112,0.0037917727448303247,20,0.05,0.03,5.0,900.0,30.0,False
20260910_152529_ep03,3,checkpoints/panda_reach_ppo_40000_steps,True,goal_reached,-0.05,0.0,0.0,0.30728377916491284,0.0007895059835610838,0.48658350323329586,0.25728377916491285,0.0007895059835610838,0.48658350323329586,4.999999999999999,4.999999999999999,1,0.005681982000169228,0.0,nan,nan,20,0.05,0.03,5.0,900.0,30.0,False
20260910_152532_ep04,4,checkpoints/panda_reach_ppo_40000_steps,True,goal_reached,0.0,0.05,0.0,0.30713787009757754,0.00043889044212876523,0.486498835177842,0.30713787009757754,0.05043889044212877,0.486498835177842,5.0,4.649868591929704,2,0.05430421299979571,0.35884899449608737,0.0014674857878593762,0.0014674857878593762,20,0.05,0.03,5.0,900.0,30.0,False
20260910_152534_ep05,5,checkpoints/panda_reach_ppo_40000_steps,True,goal_reached,0.0,-0.05,0.0,0.3067102111337632,0.000458513907301742,0.48638737733906257,0.3067102111337632,-0.04954148609269826,0.48638737733906257,5.0,4.737296121601184,2,0.05659055800015267,0.31409544617037294,0.0004607607786852006,0.0004607607786852006,20,0.05,0.03,5.0,900.0,30.0,False
20260910_152538_ep06,6,checkpoints/panda_reach_ppo_40000_steps,True,goal_reached,0.0,0.0,0.05,0.3065141685797252,-0.00048529920417645674,0.4861589276657568,0.3065141685797252,-0.00048529920417645674,0.5361589276657568,4.999999999999999,4.999999999999999,1,0.004830464999940887,0.0,nan,nan,20,0.05,0.03,5.0,900.0,30.0,False
20260910_152544_ep07,7,checkpoints/panda_reach_ppo_40000_steps,True,goal_reached,0.0,0.0,-0.05,0.3065491889675997,-0.00036719703212998,0.4861693838560763,0.3065491889675997,-0.00036719703212998,0.4361693838560763,4.999999999999999,4.999999999999999,1,0.004068068999913521,0.0,nan,nan,20,0.05,0.03,5.0,900.0,30.0,False
20260910_152546_ep08,8,checkpoints/panda_reach_ppo_40000_steps,True,goal_reached,0.05,0.05,0.0,0.3065631238157985,-0.00034178032203069765,0.48615189166524553,0.35656312381579847,0.0496582196779693,0.48615189166524553,7.0710678118654755,4.676091708517611,5,0.20555614100021558,3.772306337104827,0.0044148260246058045,0.007613636622517932,20,0.05,0.03,5.0,900.0,30.0,False
20260910_152547_ep09,9,checkpoints/panda_reach_ppo_40000_steps,True,goal_reached,0.05,-0.05,0.0,0.30720761501086064,9.247294389820576e-05,0.4856461708950333,0.3572076150108606,-0.0499075270561018,0.4856461708950333,7.0710678118654755,4.983359027189075,10,0.4546778539997831,5.534163066035989,0.0029858816636445257,0.006991616801839303,20,0.05,0.03,5.0,900.0,30.0,False
20260910_152601_ep10,10,checkpoints/panda_reach_ppo_40000_steps,True,goal_reached,-0.05,0.05,0.0,0.30716769211002465,-1.6264743926329764e-05,0.4857222025800428,0.25716769211002466,0.04998373525607367,0.4857222025800428,7.0710678118654755,4.018177184463291,5,0.20523011500017674,3.3299664883917184,0.0012947531922909473,0.0016449590827203227,20,0.05,0.03,5.0,900.0,30.0,False
20260910_152605_ep11,11,checkpoints/panda_reach_ppo_40000_steps,True,goal_reached,-0.05,-0.05,0.0,0.30607850440681117,0.00036156185103122356,0.4854851775512822,0.2560785044068112,-0.04963843814896878,0.4854851775512822,7.0710678118654755,4.477482826649251,5,0.2052370700002939,3.139708888018209,0.00040236818569940145,0.0006032917562091625,20,0.05,0.03,5.0,900.0,30.0,False
20260910_152812,checkpoints/panda_reach_ppo_40000_steps,False,user_interrupt,0.3064797092722828,-0.00040911324815991873,0.4857006546348289,0.40647970927228283,0.0995908867518401,0.38570065463482894,17.320508075688775,6.97258143058215,280,14.005346652000298,11.272520703932361,0.00014701714098919183,0.00229666824452579,20,0.05,0.03,5.0,False
20260910_152835,checkpoints/panda_reach_ppo_40000_steps,False,user_interrupt,0.3070297945220999,0.00030557206064647167,0.48652756687646537,0.40702979452209986,0.10030557206064648,0.3865275668764654,17.32050807568877,6.725840383578598,114,5.701822175999951,11.520434574255713,0.00037828253698535264,0.002551253652200103,20,0.05,0.03,5.0,False
20260910_152910_ep01,1,checkpoints/panda_reach_ppo_40000_steps,True,goal_reached,0.05,0.0,0.0,0.3070485238910446,0.00030865432578373896,0.48652058688717875,0.3570485238910446,0.00030865432578373896,0.48652058688717875,4.999999999999999,4.999999999999999,1,0.005599419000191119,0.0,nan,nan,20,0.05,0.03,5.0,900.0,30.0,False
20260910_152913_ep02,2,checkpoints/panda_reach_ppo_40000_steps,True,goal_reached,0.08,0.0,0.0,0.3069563614817268,0.00021656307206387857,0.4864202685721487,0.3869563614817268,0.00021656307206387857,0.4864202685721487,8.000000000000002,4.997523066534657,7,0.30621947600002386,4.14069636480233,0.00282930064696163,0.0037883665790697176,20,0.05,0.03,5.0,900.0,30.0,False
20260910_152921_ep03,3,checkpoints/panda_reach_ppo_40000_steps,True,goal_reached,-0.05,0.0,0.0,0.3072361699649002,0.000857947176413161,0.48639797029936793,0.25723616996490023,0.000857947176413161,0.48639797029936793,4.999999999999999,4.999999999999999,1,0.005664825000167184,0.0,nan,nan,20,0.05,0.03,5.0,900.0,30.0,False
20260910_152924_ep04,4,checkpoints/panda_reach_ppo_40000_steps,True,goal_reached,0.0,0.05,0.0,0.3071287609107114,0.0005407470301421201,0.4863118530672946,0.3071287609107114,0.05054074703014212,0.4863118530672946,5.0,4.6097675755570195,2,0.05751047700005074,0.3994350476363354,0.0016504980233372482,0.0016504980233372482,20,0.05,0.03,5.0,900.0,30.0,False
20260910_154114_ep01,1,checkpoints/panda_reach_ppo_40000_steps,True,goal_reached,0.05,0.0,0.0,0.306687138932709,0.0004723348449458814,0.4863121120143691,0.356687138932709,0.0004723348449458814,0.4863121120143691,4.999999999999999,4.999999999999999,1,0.007798183999966568,0.0,nan,nan,20,0.03,0.02,5.0,900.0,30.0,False
20260910_154116_ep02,2,checkpoints/panda_reach_ppo_40000_steps,True,goal_reached,0.08,0.0,0.0,0.3066800573037933,0.0004361276107616813,0.4862746716260412,0.3866800573037933,0.0004361276107616813,0.4862746716260412,8.000000000000002,4.898555017270677,13,0.6042328439998528,4.205891248175156,0.0009873162450266403,0.001304280629766964,20,0.03,0.02,5.0,900.0,30.0,False
20260910_154120_ep03,3,checkpoints/panda_reach_ppo_40000_steps,True,goal_reached,-0.05,0.0,0.0,0.30731499824470776,0.0008459477768407995,0.48697030131319047,0.25731499824470777,0.0008459477768407995,0.48697030131319047,4.999999999999999,4.999999999999999,1,0.005876484000054916,0.0,nan,nan,20,0.03,0.02,5.0,900.0,30.0,False
20260910_154123_ep04,4,checkpoints/panda_reach_ppo_40000_steps,True,goal_reached,0.0,0.05,0.0,0.3071690541050365,0.0004984030792837674,0.48679979735505396,0.3071690541050365,0.05049840307928377,0.48679979735505396,5.0,4.742997387000466,2,0.05429865100040843,0.2592144588124209,0.0007444891601780144,0.0007444891601780144,20,0.03,0.02,5.0,900.0,30.0,False
20260910_154125_ep05,5,checkpoints/panda_reach_ppo_40000_steps,True,goal_reached,0.0,-0.05,0.0,0.30700972687462147,0.0005367212415437949,0.4866186387744229,0.30700972687462147,-0.04946327875845621,0.4866186387744229,5.0,4.8341140126954105,2,0.054783711999789375,0.1896593487388173,0.00022313471948106673,0.00022313471948106673,20,0.03,0.02,5.0,900.0,30.0,False
20260910_154126_ep06,6,checkpoints/panda_reach_ppo_40000_steps,True,goal_reached,0.0,0.0,0.05,0.30673844007602186,-0.0003044053214694514,0.4864926316527153,0.30673844007602186,-0.0003044053214694514,0.5364926316527153,5.000000000000004,4.883432306363049,2,0.055069951000405126,0.12235825730310389,1.919615515706271e-05,1.919615515706271e-05,20,0.03,0.02,5.0,900.0,30.0,False
20260910_154128_ep07,7,checkpoints/panda_reach_ppo_40000_steps,True,goal_reached,0.0,0.0,-0.05,0.3067198913188181,-0.0001915641316265595,0.4861324331144718,0.3067198913188181,-0.0001915641316265595,0.4361324331144718,4.999999999999999,4.999999999999999,1,0.005932260000008682,0.0,nan,nan,20,0.03,0.02,5.0,900.0,30.0,False
20260910_154129_ep08,8,checkpoints/panda_reach_ppo_40000_steps,True,goal_reached,0.05,0.05,0.0,0.30669549563896414,-0.00017714222419949779,0.48615573806315104,0.35669549563896413,0.049822857775800505,0.48615573806315104,7.0710678118654755,4.9355012534275104,7,0.3039338600001429,3.7551328484108693,0.0019501285717279937,0.0028953657140691233,20,0.03,0.02,5.0,900.0,30.0,False
20260910_154132_ep09,9,checkpoints/panda_reach_ppo_40000_steps,False,max_runtime,0.05,-0.05,0.0,0.3071825450132862,0.00013278299588211163,0.48574513619921433,0.35718254501328617,-0.04986721700411789,0.48574513619921433,7.0710678118654755,5.255146258311787,600,30.007735434000097,4.532661484573883,2.4475655638512474e-05,0.002565200891688123,20,0.03,0.02,5.0,900.0,30.0,False
20260910_154207_ep10,10,checkpoints/panda_reach_ppo_40000_steps,True,goal_reached,-0.05,0.05,0.0,0.3070782393911186,-9.678748831005535e-05,0.4859660957151895,0.2570782393911186,0.04990321251168995,0.4859660957151895,7.0710678118654755,4.4853956269029025,6,0.255750963000537,2.7161024471692143,0.0004984406187763552,0.000579135245476582,20,0.03,0.02,5.0,900.0,30.0,False
20260910_154209_ep11,11,checkpoints/panda_reach_ppo_40000_steps,True,goal_reached,-0.05,-0.05,0.0,0.3060751596629011,0.00039381236648294957,0.48550559599853943,0.2560751596629011,-0.049606187633517054,0.48550559599853943,7.0710678118654755,4.884262360574005,6,0.25398157200015703,2.61848799009013,7.429502881721598e-05,0.00013847058469494857,20,0.03,0.02,5.0,900.0,30.0,False
20260910_154211_ep12,12,checkpoints/panda_reach_ppo_40000_steps,True,goal_reached,0.05,0.0,0.05,0.30604491264912714,-0.00043840464416978743,0.48547297686135826,0.35604491264912713,-0.00043840464416978743,0.5354729768613583,7.071067811865478,4.976214809998381,6,0.2549928609996641,2.919946502310431,0.0004222980822049893,0.0013732234056858432,20,0.03,0.02,5.0,900.0,30.0,False
20260910_154212_ep13,13,checkpoints/panda_reach_ppo_40000_steps,False,max_runtime,0.05,0.0,-0.05,0.3060369190181959,-0.00024369262967996642,0.48578280997291395,0.3560369190181959,-0.00024369262967996642,0.43578280997291396,7.071067811865474,5.0329633339630835,600,30.00827919599942,2.1950249471765675,1.1953685899260734e-05,0.0007692006074184551,20,0.03,0.02,5.0,900.0,30.0,False
20260910_154248_ep14,14,checkpoints/panda_reach_ppo_40000_steps,True,goal_reached,-0.05,0.0,0.05,0.30726214734912805,-0.0002136764935342456,0.4867768343162752,0.25726214734912806,-0.0002136764935342456,0.5367768343162752,7.071067811865474,4.313500082152137,6,0.2534903209998447,2.764713815614723,7.040597119994032e-05,8.236750418069228e-05,20,0.03,0.02,5.0,900.0,30.0,False
20260910_154250_ep15,15,checkpoints/panda_reach_ppo_40000_steps,True,goal_reached,-0.05,0.0,-0.05,0.30607498088694185,-0.00017778905489574277,0.4857134020674713,0.25607498088694186,-0.00017778905489574277,0.43571340206747133,7.071067811865474,4.9749570194174,17,0.804373138000301,6.906035167925382,0.0010464687427572037,0.0022403781023441088,20,0.03,0.02,5.0,900.0,30.0,False
20260910_154256_ep16,16,checkpoints/panda_reach_ppo_40000_steps,True,goal_reached,0.05,0.05,0.05,0.30595018939773716,-0.00012486207649558179,0.48516092793320353,0.35595018939773715,0.04987513792350442,0.5351609279332036,8.660254037844389,4.8179025471445724,9,0.4073094940004012,5.22571961093356,0.0009436395236463088,0.0020308706096120377,20,0.03,0.02,5.0,900.0,30.0,False
20260910_154300_ep17,17,checkpoints/panda_reach_ppo_40000_steps,False,max_runtime,0.05,0.05,-0.05,0.306060653474256,0.00014361220716175335,0.4858365902772712,0.356060653474256,0.05014361220716176,0.43583659027727123,8.660254037844386,5.313384534566732,600,30.00790024899925,5.018145941398699,2.911102178323007e-05,0.0031622351039976397,20,0.03,0.02,5.0,900.0,30.0,False
20260910_154333_ep18,18,checkpoints/panda_reach_ppo_40000_steps,False,max_runtime,0.05,-0.05,0.05,0.30735527027856807,0.0002964282811850904,0.48670191979664174,0.35735527027856806,-0.04970357171881491,0.5367019197966417,8.660254037844386,5.035010580553396,600,30.007751975000247,7.776379005177814,2.283705262496577e-05,0.0020748693470268196,20,0.03,0.02,5.0,900.0,30.0,False
20260910_154405_ep19,19,checkpoints/panda_reach_ppo_40000_steps,False,max_runtime,0.05,-0.05,-0.05,0.3060108056199629,-0.000385727834269818,0.48529592841664027,0.3560108056199629,-0.05038572783426982,0.4352959284166403,8.660254037844386,5.355400234311226,600,30.007763397999952,4.662848527017172,2.9261187260899027e-05,0.0026235391955167953,20,0.03,0.02,5.0,900.0,30.0,False
20260910_154439_ep20,20,checkpoints/panda_reach_ppo_40000_steps,True,goal_reached,0.08,0.08,-0.08,0.3072682049638611,-0.00010809621044887143,0.4867030210920389,0.3872682049638611,0.07989190378955113,0.4067030210920389,13.856406460551021,4.913634875795074,17,0.8045895720006229,9.867222281159108,0.001191471605743862,0.0033574037591268817,20,0.03,0.02,5.0,900.0,30.0,False
20260910_154801_ep01,1,checkpoints/panda_reach_ppo_40000_steps,True,goal_reached,0.05,0.0,0.0,0.30735060732750374,0.0004688192290917111,0.48678629516845107,0.35735060732750373,0.0004688192290917111,0.48678629516845107,4.999999999999999,4.999999999999999,1,0.00603499200042279,0.0,nan,nan,20,0.03,0.02,5.0,900.0,30.0,False
20260910_154806_ep02,2,checkpoints/panda_reach_ppo_40000_steps,True,goal_reached,0.08,0.0,0.0,0.3070509222380001,0.0002666973165246841,0.48656662189544675,0.38705092223800014,0.0002666973165246841,0.48656662189544675,8.000000000000002,4.918373407851895,12,0.5553094710003279,4.031089797416891,0.001039036594053706,0.0012909547189006827,20,0.03,0.02,5.0,900.0,30.0,False
20260910_154810_ep03,3,checkpoints/panda_reach_ppo_40000_steps,True,goal_reached,-0.05,0.0,0.0,0.30728243285734197,0.0007104996341582126,0.4870880834851265,0.257282432857342,0.0007104996341582126,0.4870880834851265,4.999999999999999,4.999999999999999,1,0.006123022999418026,0.0,nan,nan,20,0.03,0.02,5.0,900.0,30.0,False
20260910_154813_ep04,4,checkpoints/panda_reach_ppo_40000_steps,True,goal_reached,0.0,0.05,0.0,0.30716058959683096,0.00046323530014005375,0.4869189415923968,0.30716058959683096,0.050463235300140054,0.4869189415923968,5.0,4.738693238258305,2,0.05475475200000801,0.26429858035992665,0.000751779063649646,0.000751779063649646,20,0.03,0.02,5.0,900.0,30.0,False
20260910_154818_ep05,5,checkpoints/panda_reach_ppo_40000_steps,True,goal_reached,0.0,-0.05,0.0,0.30701869531414544,0.0006525314576855769,0.48667179360613716,0.30701869531414544,-0.04934746854231443,0.48667179360613716,5.0,4.838354867204925,2,0.055790331999560294,0.18392354708247316,0.00022244406624416432,0.00022244406624416432,20,0.03,0.02,5.0,900.0,30.0,False
20260910_154823_ep06,6,checkpoints/panda_reach_ppo_40000_steps,True,goal_reached,0.0,0.0,0.05,0.30672267629363614,-0.0003041069453699852,0.4864623580024073,0.30672267629363614,-0.0003041069453699852,0.5364623580024073,4.999999999999999,4.999999999999999,1,0.0056364270003541606,0.0,nan,nan,20,0.03,0.02,5.0,900.0,30.0,False
20260910_154831_ep07,7,checkpoints/panda_reach_ppo_40000_steps,True,goal_reached,0.0,0.0,-0.05,0.3067145225913442,-0.0002567554863171479,0.48645498684986266,0.3067145225913442,-0.0002567554863171479,0.43645498684986267,4.999999999999999,4.999999999999999,1,0.006600044000151684,0.0,nan,nan,20,0.03,0.02,5.0,900.0,30.0,False
20260910_154835_ep08,8,checkpoints/panda_reach_ppo_40000_steps,True,goal_reached,0.05,0.05,0.0,0.3067053397328388,-0.00022523776869954,0.4864184367414624,0.3567053397328388,0.049774762231300465,0.4864184367414624,7.0710678118654755,4.89643254107019,7,0.3044876750000185,3.7914052027211915,0.00196751360957504,0.0029231224330794267,20,0.03,0.02,5.0,900.0,30.0,False
20260910_154839_ep09,9,checkpoints/panda_reach_ppo_40000_steps,False,user_interrupt,0.05,-0.05,0.0,0.3072101225002209,0.00013182674924192846,0.4857608788125087,0.3572101225002209,-0.049868173250758076,0.4857608788125087,7.0710678118654755,5.209962901747966,123,6.152207797999836,4.440820325940843,0.00011770827645267678,0.002576522400819195,20,0.03,0.02,5.0,900.0,30.0,False
20260910_155002_ep01,1,checkpoints/panda_reach_ppo_40000_steps,True,goal_reached,0.05,0.0,0.0,0.30703484461892216,-2.9324301995378987e-05,0.4859017187647965,0.35703484461892215,-2.9324301995378987e-05,0.4859017187647965,4.999999999999999,4.999999999999999,1,0.006206560999999056,0.0,nan,nan,20,0.03,0.02,5.0,900.0,30.0,False
20260910_155005_ep02,2,checkpoints/panda_reach_ppo_40000_steps,True,goal_reached,0.08,0.0,0.0,0.3069623813179655,-3.998105118498162e-05,0.48585556704103394,0.3869623813179655,-3.998105118498162e-05,0.48585556704103394,8.000000000000002,4.944705049735052,12,0.5537160300000323,4.047827257879233,0.0010396780549796732,0.0013129038450722563,20,0.03,0.02,5.0,900.0,30.0,False
20260910_155008_ep03,3,checkpoints/panda_reach_ppo_40000_steps,True,goal_reached,-0.05,0.0,0.0,0.3073648475037668,7.942826809330991e-05,0.48696508378409564,0.2573648475037668,7.942826809330991e-05,0.48696508378409564,4.999999999999999,4.999999999999999,1,0.006130463999397762,0.0,nan,nan,20,0.03,0.02,5.0,900.0,30.0,False
20260910_155012_ep04,4,checkpoints/panda_reach_ppo_40000_steps,True,goal_reached,0.0,0.05,0.0,0.30717124644652516,-7.70675312900307e-05,0.4868495929695103,0.30717124644652516,0.04992293246870997,0.4868495929695103,5.0,4.778643079936425,2,0.05528422000043065,0.22503753437346577,0.0006220140624985114,0.0006220140624985114,20,0.03,0.02,5.0,900.0,30.0,False
20260910_155856_ep01,1,checkpoints/panda_reach_ppo_40000_steps,False,user_interrupt,0.1,0.0,0.0,0.30693319682614334,0.00039094752423670753,0.48664221004539426,0.4069331968261434,0.00039094752423670753,0.48664221004539426,10.000000000000004,4.572362415965594,156,7.8060149979992275,7.038839558522772,0.00010792609895541356,0.0018640287132111427,20,0.03,0.02,4.0,900.0,30.0,False
20260910_155928_ep01,1,checkpoints/panda_reach_ppo_40000_steps,True,goal_reached,0.1,0.0,0.0,0.3071622501546328,0.00043178674910323455,0.4870453756512647,0.4071622501546328,0.00043178674910323455,0.4870453756512647,10.000000000000004,4.853095948393778,13,0.6059586460005448,5.836103585750744,0.001105375624231353,0.0018672259648304498,20,0.03,0.02,5.0,900.0,30.0,False
20260910_155931_ep02,2,checkpoints/panda_reach_ppo_40000_steps,True,goal_reached,0.08,0.0,0.0,0.30730717520037404,0.0007544264029795166,0.48747807292722495,0.38730717520037405,0.0007544264029795166,0.48747807292722495,8.000000000000002,4.930350073789337,12,0.5534737810003207,4.107799924581566,0.0010521662217951183,0.0013479597573135798,20,0.03,0.02,5.0,900.0,30.0,False
20260910_155935_ep03,3,checkpoints/panda_reach_ppo_40000_steps,True,goal_reached,-0.1,0.0,0.0,0.3073488140654849,0.0007276207436709937,0.4868759197734619,0.20734881406548492,0.0007276207436709937,0.4868759197734619,10.0,4.976247047216318,10,0.45321677299943985,6.184541988208729,0.0005335845683898127,0.0008103548354413444,20,0.03,0.02,5.0,900.0,30.0,False
20260910_155939_ep04,4,checkpoints/panda_reach_ppo_40000_steps,False,error:RuntimeError,0.0,0.1,0.0,0.24749262822477336,0.0015709579246535024,0.5145659858643155,0.24749262822477336,0.10157095792465351,0.5145659858643155,10.0,10.0,0,0.00015929499932099134,0.0,nan,nan,20,0.03,0.02,5.0,900.0,30.0,False
20260910_160036_ep05,5,checkpoints/panda_reach_ppo_40000_steps,True,goal_reached,0.0,-0.1,0.0,0.3060148194371734,0.0007686160191567233,0.48553774077065526,0.3060148194371734,-0.09923138398084329,0.48553774077065526,10.0,4.947353020643656,9,0.4046915799999624,6.032345019373571,0.0007359868466077925,0.003659280054531879,20,0.03,0.02,5.0,900.0,30.0,False
20260910_160046_ep06,6,checkpoints/panda_reach_ppo_40000_steps,True,goal_reached,0.0,0.0,0.1,0.3059522563399968,3.861673490846069e-05,0.48547276568996944,0.3059522563399968,3.861673490846069e-05,0.5854727656899694,9.999999999999998,4.386903334308933,10,0.45347806900008436,6.5877003523863635,0.0003629003524826914,0.0006429257210787792,20,0.03,0.02,5.0,900.0,30.0,False
20260910_160112_ep07,7,checkpoints/panda_reach_ppo_40000_steps,True,goal_reached,0.0,0.0,-0.1,0.3059131185433889,-1.7065676426790963e-05,0.4855470121666392,0.3059131185433889,-1.7065676426790963e-05,0.3855470121666392,9.999999999999998,4.994579961308116,16,0.7541797529993346,5.50826437349226,0.0008651529555472424,0.0015756770616123942,20,0.03,0.02,5.0,900.0,30.0,False
20260910_160120_ep08,8,checkpoints/panda_reach_ppo_40000_steps,True,goal_reached,0.1,0.1,0.0,0.30737252276015503,4.137756218841918e-06,0.4868506240293221,0.407372522760155,0.10000413775621884,0.4868506240293221,14.142135623730951,4.971709524107144,23,1.1046753560003708,11.983526524979194,0.0010099750335202141,0.0020838588071397535,20,0.03,0.02,5.0,900.0,30.0,False
20260910_160124_ep09,9,checkpoints/panda_reach_ppo_40000_steps,True,goal_reached,0.1,-0.1,0.0,0.30741204028792285,0.00032990072299093795,0.4869461321426133,0.4074120402879229,-0.09967009927700907,0.4869461321426133,14.142135623730953,4.9783582228886125,20,0.9562807769998471,11.025699640527739,0.0010562757925979254,0.0019574015915910883,20,0.03,0.02,5.0,900.0,30.0,False
20260910_160129_ep10,10,checkpoints/panda_reach_ppo_40000_steps,True,goal_reached,-0.1,0.1,0.0,0.30745537418167307,-0.0003084697025255698,0.48709176752391825,0.20745537418167306,0.09969153029747443,0.48709176752391825,14.142135623730953,4.429090697345062,15,0.7041510290000588,10.850801846043273,0.00047352946894514204,0.0009766462851527773,20,0.03,0.02,5.0,900.0,30.0,False
20260910_160133_ep11,11,checkpoints/panda_reach_ppo_40000_steps,True,goal_reached,-0.1,-0.1,0.0,0.30600524864384143,0.00034904759319055983,0.48544705730950893,0.20600524864384143,-0.09965095240680945,0.48544705730950893,14.142135623730953,4.778539078801936,16,0.7545033030000923,11.774550814598458,0.0006448018361028077,0.0013631133031736444,20,0.03,0.02,5.0,900.0,30.0,False
20260910_160137_ep12,12,checkpoints/panda_reach_ppo_40000_steps,True,goal_reached,0.1,0.0,0.1,0.30592466100928634,-0.000397957605416207,0.4855003424901907,0.40592466100928637,-0.000397957605416207,0.5855003424901907,14.142135623730953,4.954648314538694,24,1.1559981020000123,12.207875128731994,0.0003753776472476003,0.0011756938037253391,20,0.03,0.02,5.0,900.0,30.0,False
20260910_160142_ep13,13,checkpoints/panda_reach_ppo_40000_steps,True,goal_reached,0.1,0.0,-0.1,0.30594425624754923,-0.0002004534367330916,0.4850003003910657,0.40594425624754926,-0.0002004534367330916,0.3850003003910657,14.142135623730953,4.901850061354405,14,0.6556568270007119,9.24841578106462,0.0013493682679495069,0.0030764505835854613,20,0.03,0.02,5.0,900.0,30.0,False
20260910_160146_ep14,14,checkpoints/panda_reach_ppo_40000_steps,True,goal_reached,-0.1,0.0,0.1,0.30736156296322337,-0.00025136083668383,0.4866442682322637,0.20736156296322336,-0.00025136083668383,0.5866442682322637,14.142135623730951,4.9098612441470335,13,0.6053993390005417,9.287693406968364,8.166415353053789e-05,0.00022559638957869417,20,0.03,0.02,5.0,900.0,30.0,False
20260910_160152_ep15,15,checkpoints/panda_reach_ppo_40000_steps,False,error:RuntimeError,-0.1,0.0,-0.1,0.2348975123313055,0.00039794031647243105,0.5527841887233621,0.1348975123313055,0.00039794031647243105,0.4527841887233621,14.142135623730951,14.142135623730951,0,0.00014550299965776503,0.0,nan,nan,20,0.03,0.02,5.0,900.0,30.0,False
20260910_160156_ep16,16,checkpoints/panda_reach_ppo_40000_steps,False,max_runtime,0.1,0.1,0.1,0.305975893629644,-0.0002492274890098698,0.4853456747759638,0.40597589362964404,0.09975077251099014,0.5853456747759638,17.320508075688775,5.263490730042592,600,30.008505181000146,17.181016799899744,3.061674552617908e-05,0.0011872848886664677,20,0.03,0.02,5.0,900.0,30.0,False
20260910_160232_ep17,17,checkpoints/panda_reach_ppo_40000_steps,True,goal_reached,0.1,0.1,-0.1,0.30600245047022145,0.0005873359840421306,0.4849414158816188,0.40600245047022143,0.10058733598404214,0.3849414158816188,17.320508075688775,4.972076876690181,18,0.8561533219999546,13.024352498226236,0.001147733030949662,0.003710521281461392,20,0.03,0.02,5.0,900.0,30.0,False
20260910_165018_ep01,1,checkpoints/reach_online_final,True,goal_reached,0.1,0.0,0.0,0.30664508821906744,3.4219493940721595e-05,0.4859463722643629,0.4066450882190674,3.4219493940721595e-05,0.4859463722643629,9.999999999999998,4.966458908718068,18,0.8553820790002646,5.280626465879017,0.0005504061138074272,0.0009385971654350339,20,0.03,0.02,5.0,600.0,30.0,False
20260910_165022_ep02,2,checkpoints/reach_online_final,True,goal_reached,0.08,0.0,0.0,0.3073117050534704,-6.93463678578114e-05,0.48704962903637694,0.3873117050534704,-6.93463678578114e-05,0.48704962903637694,8.000000000000002,4.773025628077184,12,0.55384579100064,3.376277340339473,0.0006700174900275782,0.0012013182877659706,20,0.03,0.02,5.0,600.0,30.0,False
20260910_165025_ep03,3,checkpoints/reach_online_final,True,goal_reached,-0.1,0.0,0.0,0.30728555173355526,-3.687964861497534e-05,0.48701691931378754,0.20728555173355526,-3.687964861497534e-05,0.48701691931378754,10.0,4.708255826396911,14,0.6529021690002992,6.422720446058849,0.0004121033476604923,0.0006151064870535443,20,0.03,0.02,5.0,600.0,30.0,False
20260910_165053_ep04,4,checkpoints/reach_online_final,True,goal_reached,0.0,0.1,0.0,0.30611583046211494,-6.5006604973192955e-06,0.48543833454367763,0.30611583046211494,0.09999349933950269,0.48543833454367763,10.0,4.4367675852048,11,0.5068892409999535,5.636525796955475,0.0009300250034160335,0.002400460376054054,20,0.03,0.02,5.0,600.0,30.0,False
20260910_165057_ep05,5,checkpoints/reach_online_final,True,goal_reached,0.0,-0.1,0.0,0.3062386039502908,3.636095768861752e-05,0.4863951467659494,0.3062386039502908,-0.09996363904231138,0.4863951467659494,10.0,4.975357276297103,11,0.5044858089986519,5.25569585420458,0.0003381594135071759,0.0004929602063986951,20,0.03,0.02,5.0,600.0,30.0,False
20260910_165101_ep06,6,checkpoints/reach_online_final,True,goal_reached,0.0,0.0,0.1,0.30615831246369707,1.3768112551854712e-05,0.4859382081093518,0.30615831246369707,1.3768112551854712e-05,0.5859382081093518,10.000000000000004,4.91358697753967,12,0.5556769690010697,5.382110754843226,0.0002235254642525824,0.0003362823981088499,20,0.03,0.02,5.0,600.0,30.0,False
20260910_165104_ep07,7,checkpoints/reach_online_final,True,goal_reached,0.0,0.0,-0.1,0.3060976754006057,-0.00031253468253792147,0.4856854168438577,0.3060976754006057,-0.00031253468253792147,0.3856854168438577,9.999999999999998,4.9754058492736,14,0.655501875000482,5.1602013111281355,0.0009654101784451672,0.0014296254558496162,20,0.03,0.02,5.0,600.0,30.0,False
20260910_165108_ep08,8,checkpoints/reach_online_final,True,goal_reached,0.1,0.1,0.0,0.3073189289627919,-0.0004034469374464828,0.48665910137516555,0.40731892896279187,0.09959655306255352,0.48665910137516555,14.142135623730951,4.964641725058954,31,1.5044913080000697,10.26183110353777,0.000499134611708821,0.0009005065705863017,20,0.03,0.02,5.0,600.0,30.0,False
20260910_165111_ep09,9,checkpoints/reach_online_final,True,goal_reached,0.1,-0.1,0.0,0.30734128236686326,0.0004334403517908378,0.486956760401229,0.4073412823668633,-0.09956655964820917,0.486956760401229,14.142135623730953,4.951819359516934,29,1.4044783930003177,10.78251895011746,0.00039950947312899853,0.0008767660032269789,20,0.03,0.02,5.0,600.0,30.0,False
20260910_165115_ep10,10,checkpoints/reach_online_final,True,goal_reached,-0.1,0.1,0.0,0.30733630102951814,-0.0002875266857690858,0.48703855311025696,0.20733630102951814,0.09971247331423091,0.48703855311025696,14.142135623730953,4.748224126519739,23,1.104762799999662,10.579537185198129,0.00035263999037880763,0.0015343685941695475,20,0.03,0.02,5.0,600.0,30.0,False
20260910_165118_ep11,11,checkpoints/reach_online_final,True,goal_reached,-0.1,-0.1,0.0,0.30607058433831263,0.0002853426298659902,0.48549546826644424,0.20607058433831263,-0.09971465737013402,0.48549546826644424,14.142135623730953,4.640088762403329,22,1.0537968199987517,10.646771439740025,0.00033404300780409587,0.0005942126728619046,20,0.03,0.02,5.0,600.0,30.0,False
20260910_165121_ep12,12,checkpoints/reach_online_final,True,goal_reached,0.1,0.0,0.1,0.30604715460882165,-0.0004217646253978274,0.4854633515007864,0.4060471546088217,-0.0004217646253978274,0.5854633515007864,14.142135623730956,4.90272133080125,38,1.8559580000001006,10.318353455014075,0.00011067653051439223,0.00020377477386694342,20,0.03,0.02,5.0,600.0,30.0,False
20260910_165124_ep13,13,checkpoints/reach_online_final,True,goal_reached,0.1,0.0,-0.1,0.30714796681773593,-0.0008340459312119009,0.48551708643857083,0.4071479668177359,-0.0008340459312119009,0.38551708643857086,14.142135623730947,4.947443014149943,18,0.8552291449996119,9.27481070232766,0.0008243581867168744,0.0022590395179060904,20,0.03,0.02,5.0,600.0,30.0,False
20260910_165127_ep14,14,checkpoints/reach_online_final,True,goal_reached,-0.1,0.0,0.1,0.30726611484579797,-0.0009859893403433378,0.4865580722026659,0.20726611484579796,-0.0009859893403433378,0.5865580722026659,14.142135623730951,4.538624278710704,20,0.9560570909998205,9.83536414989661,0.00018269441434560943,0.000553606062671929,20,0.03,0.02,5.0,600.0,30.0,False
20260910_165131_ep15,15,checkpoints/reach_online_final,True,goal_reached,-0.1,0.0,-0.1,0.30604651148703405,-0.0009649758285454076,0.48545036542215303,0.20604651148703404,-0.0009649758285454076,0.38545036542215305,14.142135623730951,4.811209280186346,27,1.3048188949996984,9.935385994536203,0.000324357997719527,0.0009553792584270918,20,0.03,0.02,5.0,600.0,30.0,False
20260910_165135_ep16,16,checkpoints/reach_online_final,True,goal_reached,0.1,0.1,0.1,0.3061070515083738,-0.0009769187994934246,0.4856677903355935,0.4061070515083738,0.09902308120050658,0.5856677903355935,17.32050807568877,4.926871100309651,58,2.8562231859996245,13.880359692569435,0.00014037939408074465,0.0003312354136757682,20,0.03,0.02,5.0,600.0,30.0,False
20260910_165140_ep17,17,checkpoints/reach_online_final,True,goal_reached,0.1,0.1,-0.1,0.30709562725103345,0.0005193643015652852,0.48547340354924545,0.40709562725103343,0.10051936430156529,0.3854734035492454,17.320508075688775,4.881663521717708,25,1.2049200580004253,12.511117720709732,0.0007182203467285195,0.002221068355904167,20,0.03,0.02,5.0,600.0,30.0,False
20260910_165143_ep18,18,checkpoints/reach_online_final,True,goal_reached,0.1,-0.1,0.1,0.3073159970832685,0.0006739449627958272,0.4866079846473834,0.4073159970832685,-0.09932605503720418,0.5866079846473834,17.32050807568877,4.9113831961214744,50,2.4552809790002357,14.008223364373887,0.00013963732399896372,0.00036249529314088906,20,0.03,0.02,5.0,600.0,30.0,False
20260910_165147_ep19,19,checkpoints/reach_online_final,True,goal_reached,0.1,-0.1,-0.1,0.30719957239817985,-0.0005124612734518431,0.48558897381009747,0.40719957239817983,-0.10051246127345184,0.3855889738100975,17.32050807568877,4.807748369401405,25,1.2046272459992906,13.2605418156324,0.0006014595313981146,0.00200620531325466,20,0.03,0.02,5.0,600.0,30.0,False
20260910_165151_ep20,20,checkpoints/reach_online_final,True,goal_reached,0.08,0.08,-0.08,0.3072959692533363,-0.0005319380241167982,0.48658966270003823,0.3872959692533363,0.0794680619758832,0.4065896627000382,13.856406460551021,4.872546043715912,19,0.9046413299984124,9.052018380494317,0.0008594996153575092,0.002343848179751523,20,0.03,0.02,5.0,600.0,30.0,False
