wall_time,global_step,episode,ep_steps,final_distance_cm,success,ep_reward
20260910_163807,7,1,7,4.832,1,-0.3829
20260910_163809,25,2,18,4.567,1,-1.2583
20260910_163810,30,3,5,4.853,1,-0.334
20260910_163812,39,4,9,4.608,1,-0.6691
20260910_163813,41,5,2,4.45,1,-0.0971
20260910_163948,28,1,28,4.92,1,-1.7409
20260910_163949,29,2,1,4.951,1,-0.0495
20260910_163951,44,3,15,4.937,1,-0.9978
20260910_163954,67,4,23,4.842,1,-1.5431
20260910_163955,75,5,8,4.97,1,-0.4984
20260910_163956,76,6,1,3.363,1,-0.0336
20260910_164000,126,7,50,6.525,0,-3.3539
20260910_164002,138,8,12,4.831,1,-0.8945
20260910_164004,139,9,1,4.655,1,-0.0466
20260910_164005,144,10,5,4.862,1,-0.2545
20260910_164007,165,11,21,4.83,1,-1.3139
20260910_164009,173,12,8,4.737,1,-0.4523
20260910_164010,179,13,6,4.986,1,-0.3382
20260910_164012,198,14,19,4.667,1,-1.1085
20260910_164013,199,15,1,3.108,1,-0.0311
20260910_164016,227,16,28,4.797,1,-1.9219
20260910_164017,228,17,1,4.098,1,-0.041
20260910_164020,252,18,24,4.917,1,-1.7587
20260910_164021,261,19,9,4.815,1,-0.6688
20260910_164023,267,20,6,4.699,1,-0.3626
20260910_164024,271,21,4,4.92,1,-0.2322
20260910_164026,284,22,13,4.802,1,-0.9517
20260910_164027,285,23,1,3.492,1,-0.0349
20260910_164028,290,24,5,4.668,1,-0.3352
20260910_164030,298,25,8,4.659,1,-0.5392
20260910_164032,324,26,26,4.78,1,-1.8068
20260910_164034,329,27,5,4.839,1,-0.2637
20260910_164036,352,28,23,4.864,1,-1.2554
20260910_164038,362,29,10,4.635,1,-0.5837
20260910_164040,374,30,12,4.97,1,-0.8123
20260910_164041,382,31,8,4.912,1,-0.4696
20260910_164042,383,32,1,4.183,1,-0.0418
20260910_164044,393,33,10,4.801,1,-0.6926
20260910_164045,399,34,6,4.181,1,-0.3875
20260910_164222,40,1,40,4.926,1,-2.6656
20260910_164224,46,2,6,4.856,1,-0.3534
20260910_164225,60,3,14,4.91,1,-0.923
20260910_164229,110,4,50,5.622,0,-3.5676
20260910_164231,116,5,6,4.816,1,-0.3322
20260910_164233,134,6,18,4.971,1,-1.1309
20260910_164237,184,7,50,5.106,0,-3.1721
20260910_164238,190,8,6,4.814,1,-0.3567
20260910_164242,230,9,40,4.906,1,-2.382
20260910_164244,238,10,8,4.71,1,-0.4813
20260910_164246,260,11,22,4.855,1,-1.5065
20260910_164249,286,12,26,4.758,1,-1.9035
20260910_164251,299,13,13,4.842,1,-0.7883
20260910_164253,316,14,17,4.847,1,-1.3184
20260910_164255,328,15,12,4.834,1,-0.8731
20260910_164256,329,16,1,3.55,1,-0.0355
20260910_164257,333,17,4,4.758,1,-0.2149
20260910_164258,344,18,11,5.0,1,-0.7235
20260910_164302,394,19,50,6.643,0,-3.2458
20260910_164304,395,20,1,2.952,1,-0.0295
20260910_164305,404,21,9,4.678,1,-0.5291
20260910_164307,423,22,19,4.983,1,-1.1016
20260910_164310,445,23,22,4.848,1,-1.4106
20260910_164312,462,24,17,4.95,1,-1.0343
20260910_164315,491,25,29,4.868,1,-2.136
20260910_164318,524,26,33,4.741,1,-2.0052
20260910_164321,568,27,44,4.77,1,-3.3865
20260910_164323,577,28,9,4.79,1,-0.5649
20260910_164325,584,29,7,4.983,1,-0.4131
20260910_164327,607,30,23,4.801,1,-1.7833
20260910_164329,608,31,1,4.993,1,-0.0499
20260910_164330,614,32,6,4.864,1,-0.332
20260910_164331,627,33,13,4.958,1,-0.8641
20260910_164336,677,34,50,5.024,0,-3.4714
20260910_164337,678,35,1,4.867,1,-0.0487
20260910_164338,691,36,13,4.678,1,-0.9539
20260910_164340,707,37,16,4.95,1,-1.0988
20260910_164342,716,38,9,4.894,1,-0.5793
20260910_164344,735,39,19,4.919,1,-1.2342
20260910_164346,741,40,6,4.97,1,-0.3366
20260910_164347,750,41,9,4.991,1,-0.5083
20260910_164351,800,42,50,7.034,0,-4.2319
20260910_164354,827,43,27,4.816,1,-1.6721
20260910_164356,836,44,9,4.72,1,-0.588
20260910_164400,886,45,50,5.126,0,-3.9765
20260910_164404,936,46,50,5.843,0,-3.6225
20260910_164408,983,47,47,4.886,1,-3.4029
20260910_164409,990,48,7,4.954,1,-0.3609
20260910_164411,1001,49,11,4.896,1,-0.6753
20260910_164413,1009,50,8,4.922,1,-0.5098
20260910_164415,1024,51,15,4.693,1,-1.0075
20260910_164416,1028,52,4,4.655,1,-0.2149
20260910_164418,1048,53,20,4.993,1,-1.2913
20260910_164422,1098,54,50,5.552,0,-3.4956
20260910_164424,1117,55,19,4.971,1,-1.3041
20260910_164427,1138,56,21,4.951,1,-1.4504
20260910_164429,1164,57,26,4.937,1,-1.4531
20260910_164432,1192,58,28,4.912,1,-1.725
20260910_164433,1196,59,4,4.724,1,-0.2094
20260910_164435,1201,60,5,4.79,1,-0.2761
20260910_164437,1230,61,29,4.645,1,-1.6582
20260910_164440,1257,62,27,4.957,1,-1.9378
20260910_164442,1272,63,15,4.982,1,-0.9455
20260910_164445,1308,64,36,4.931,1,-2.1715
20260910_164447,1317,65,9,4.947,1,-0.5616
20260910_164450,1355,66,38,4.996,1,-2.6881
20260910_164454,1401,67,46,4.592,1,-2.9988
20260910_164459,1451,68,50,6.38,0,-4.1874
20260910_164500,1459,69,8,4.818,1,-0.4905
20260910_164502,1470,70,11,4.864,1,-0.7689
20260910_164503,1471,71,1,4.557,1,-0.0456
20260910_164504,1477,72,6,4.935,1,-0.3632
20260910_164506,1486,73,9,4.637,1,-0.569
20260910_164507,1494,74,8,4.651,1,-0.4694
20260910_164509,1495,75,1,3.015,1,-0.0301
20260910_164512,1542,76,47,4.772,1,-3.1048
20260910_164514,1555,77,13,4.981,1,-0.8097
20260910_164515,1557,78,2,4.815,1,-0.0999
20260910_164516,1564,79,7,4.778,1,-0.3963
20260910_164519,1590,80,26,4.992,1,-1.5235
20260910_164522,1617,81,27,4.601,1,-1.598
20260910_164523,1624,82,7,4.888,1,-0.386
20260910_164526,1646,83,22,4.926,1,-1.3868
20260910_164527,1653,84,7,4.95,1,-0.3981
20260910_164529,1668,85,15,4.725,1,-0.9479
20260910_164533,1718,86,50,6.572,0,-3.9006
20260910_164535,1734,87,16,4.983,1,-1.214
20260910_164537,1739,88,5,4.921,1,-0.2686
20260910_164539,1771,89,32,4.988,1,-2.2944
20260910_164541,1777,90,6,4.766,1,-0.3404
20260910_164544,1805,91,28,4.743,1,-1.9951
20260910_164546,1817,92,12,4.947,1,-0.7111
20260910_164548,1843,93,26,4.959,1,-1.6139
20260910_164550,1858,94,15,4.991,1,-0.9471
20260910_164551,1864,95,6,4.821,1,-0.3396
20260910_164553,1881,96,17,4.905,1,-1.3387
20260910_164555,1886,97,5,4.795,1,-0.2683
20260910_164559,1936,98,50,7.983,0,-4.3015
20260910_164600,1937,99,1,2.786,1,-0.0279
20260910_164601,1944,100,7,4.849,1,-0.409
20260910_164603,1959,101,15,4.586,1,-1.0882
20260910_164605,1963,102,4,4.743,1,-0.2064
20260910_164606,1972,103,9,4.783,1,-0.5476
20260910_164608,1992,104,20,4.803,1,-1.2882
20260910_164612,2025,105,33,4.883,1,-2.1453
20260910_164613,2026,106,1,4.736,1,-0.0474
20260910_164616,2062,107,36,4.824,1,-2.2625
20260910_164619,2102,108,40,4.991,1,-2.7045
20260910_164622,2131,109,29,4.79,1,-1.9094
20260910_164625,2157,110,26,4.753,1,-1.6763
20260910_164627,2176,111,19,4.835,1,-1.1501
20260910_164630,2201,112,25,4.799,1,-1.557
20260910_164631,2202,113,1,3.009,1,-0.0301
20260910_164633,2215,114,13,4.953,1,-0.8143
20260910_164634,2218,115,3,4.886,1,-0.1514
20260910_164637,2264,116,46,4.995,1,-3.042
20260910_164639,2271,117,7,4.828,1,-0.3985
20260910_164640,2272,118,1,4.832,1,-0.0483
20260910_164642,2301,119,29,4.881,1,-2.1108
20260910_164644,2313,120,12,4.932,1,-0.7054
20260910_164647,2337,121,24,4.996,1,-1.728
20260910_164649,2351,122,14,4.944,1,-0.9292
20260910_164652,2382,123,31,4.923,1,-2.4383
20260910_164654,2403,124,21,4.898,1,-1.5635
20260910_164656,2417,125,14,4.892,1,-0.802
20260910_164659,2439,126,22,4.858,1,-1.5382
20260910_164702,2485,127,46,4.959,1,-3.087
20260910_164705,2510,128,25,4.834,1,-1.6167
20260910_164707,2519,129,9,4.728,1,-0.5844
20260910_164710,2558,130,39,4.903,1,-2.7108
20260910_164711,2559,131,1,3.735,1,-0.0373
20260910_164714,2587,132,28,4.998,1,-1.789
20260910_164715,2595,133,8,4.919,1,-0.5234
20260910_164719,2625,134,30,4.725,1,-1.7439
20260910_164720,2630,135,5,4.96,1,-0.2676
20260910_164722,2646,136,16,4.779,1,-1.046
20260910_164724,2661,137,15,4.754,1,-0.8373
20260910_164727,2696,138,35,4.99,1,-2.243
20260910_164729,2711,139,15,4.873,1,-1.0595
20260910_164731,2728,140,17,4.836,1,-1.3079
20260910_164734,2757,141,29,4.807,1,-1.7566
20260910_164736,2776,142,19,4.768,1,-1.1954
20260910_164738,2789,143,13,4.998,1,-0.7966
20260910_164740,2799,144,10,4.798,1,-0.637
20260910_164742,2804,145,5,4.992,1,-0.2701
20260910_164745,2854,146,50,5.686,0,-3.1825
20260910_164747,2858,147,4,4.865,1,-0.2159
20260910_164748,2868,148,10,4.71,1,-0.6682
20260910_164750,2879,149,11,4.769,1,-0.6416
20260910_164753,2901,150,22,4.81,1,-1.458
20260910_164755,2926,151,25,4.965,1,-1.5019
20260910_164758,2946,152,20,4.799,1,-1.3948
20260910_164800,2966,153,20,4.979,1,-1.2997
20260910_164801,2969,154,3,4.845,1,-0.1579
20260910_164803,2995,155,26,4.864,1,-1.4818
20260910_170108,41,1,41,4.858,1,-2.4272
20260910_170110,51,2,10,4.784,1,-0.6024
20260910_170112,74,3,23,4.728,1,-1.2961
20260910_170114,90,4,16,4.818,1,-1.0208
20260910_170116,100,5,10,4.928,1,-0.554
20260910_170117,104,6,4,4.996,1,-0.2138
20260910_170119,133,7,29,4.851,1,-1.6245
20260910_170120,134,8,1,3.8,1,-0.038
20260910_170123,163,9,29,4.855,1,-1.8439
20260910_170126,201,10,38,4.355,1,-2.9882
20260910_170128,205,11,4,4.642,1,-0.2088
20260910_170129,206,12,1,4.444,1,-0.0444
20260910_170130,212,13,6,4.839,1,-0.3436
20260910_170131,213,14,1,2.343,1,-0.0234
20260910_170133,224,15,11,4.892,1,-0.6992
20260910_170135,245,16,21,4.965,1,-1.3609
20260910_170137,265,17,20,4.953,1,-1.3203
20260910_170140,295,18,30,4.801,1,-1.9762
20260910_170142,305,19,10,4.855,1,-0.5923
20260910_170143,320,20,15,4.704,1,-1.1036
20260910_170147,370,21,50,5.015,0,-3.1607
20260910_170149,371,22,1,2.839,1,-0.0284
20260910_170150,378,23,7,4.971,1,-0.4045
20260910_170154,428,24,50,5.393,0,-3.5096
20260910_170158,478,25,50,4.855,1,-3.2849
20260910_170159,486,26,8,4.788,1,-0.5138
20260910_170201,498,27,12,4.928,1,-0.7167
20260910_170203,510,28,12,4.929,1,-0.8298
20260910_170205,529,29,19,4.87,1,-1.068
20260910_170207,539,30,10,4.952,1,-0.5881
20260910_170209,551,31,12,4.749,1,-0.7363
20260910_170210,560,32,9,4.947,1,-0.572
20260910_170213,583,33,23,4.824,1,-1.424
20260910_170214,593,34,10,4.983,1,-0.6036
20260910_170216,606,35,13,4.727,1,-0.7833
20260910_170218,622,36,16,4.811,1,-1.0389
20260910_170222,672,37,50,5.486,0,-3.0241
20260910_170448,1,1,1,2.739,1,-0.0274
20260910_170449,4,2,3,4.7,1,-0.1506
20260910_170451,19,3,15,4.968,1,-0.992
20260910_170455,69,4,50,7.735,0,-4.1975
20260910_170459,119,5,50,9.302,0,-4.8799
20260910_170645,50,1,50,6.07,0,-4.613
20260910_170649,90,2,40,4.965,1,-2.8548
20260910_170653,140,3,50,9.355,0,-5.8915
20260910_170657,190,4,50,9.311,0,-5.0245
20260910_170658,191,5,1,4.06,1,-0.0406
20260910_170702,241,6,50,14.067,0,-7.2899
20260910_170706,291,7,50,6.286,0,-3.199
20260910_170710,341,8,50,6.876,0,-6.5074
20260910_170715,391,9,50,9.128,0,-5.8333
20260910_170719,433,10,42,4.748,1,-4.9481
20260910_170724,483,11,50,8.018,0,-6.9049
20260910_170728,533,12,50,6.508,0,-5.2976
20260910_170733,583,13,50,9.675,0,-6.1669
20260910_170737,633,14,50,6.178,0,-6.2214
20260910_170740,666,15,33,4.888,1,-2.2943
20260910_170742,674,16,8,4.839,1,-0.4657
20260910_170746,724,17,50,10.001,0,-5.8416
20260910_170750,774,18,50,5.963,0,-5.597
20260910_170755,824,19,50,10.582,0,-6.546
20260910_170759,874,20,50,6.591,0,-6.337
20260910_170804,924,21,50,6.941,0,-6.5693
20260910_170808,974,22,50,12.878,0,-6.807
20260910_170813,1024,23,50,11.283,0,-6.8857
20260910_170817,1074,24,50,15.081,0,-8.475
20260910_170821,1124,25,50,7.94,0,-4.1982
20260910_170824,1161,26,37,4.927,1,-3.4762
